 ;Medium; ; ; ;Slower; ; 
Error Rate;22;27;32;37;22;27;32;37
0;12.884783927217589;13.155239234694399;11.736709188629153;11.84724614189714;168.74899166034874;170.66432493787775;150.55316972090915;118.40423124978895;
1E_03;4.951056477334834;5.310707325428423;4.3954933734285495;4.527581354977897;35.54109361361949;31.690734327636388;27.841178504420537;21.358824977211565;
1E_05;6.6811813896056895;6.556882309352063;6.9430210125658265;7.222681362641724;61.48322858641316;59.173217745424786;58.282219662604454;46.14637744737076;
1E_07;6.522672916659936;7.1804829012825895;6.79140736052035;7.128165950798979;57.353334604007365;63.03569075956875;50.711027684483646;43.69039432254849;
;;