 ;Medium; ; ; ;Slower; ; 
Error Rate;22;27;32;37;22;27;32;37
0;11.458757362749358;11.421370318163513;11.971582773433196;11.676003009027081;168.37724629427015;168.69323902537258;152.23897423271544;117.08438649281177;
1E_03;4.510540280976781;4.798050370448142;4.33732971208969;4.620462169362208;31.953972912005096;28.97107439611587;25.979524639895875;24.16974335192144;
1E_05;6.265586164773375;6.41006086876165;6.5805667082443104;7.4381821591296315;53.81210300261564;56.052080016877966;55.14389648743233;53.455506707415026;
1E_07;6.033170439832265;6.4205757493403235;7.089176852201445;7.657547680284152;49.66716974440614;54.83468994868513;56.72636151959476;47.2959298830976;
;;