 ;Medium; ; ; ;Slower; ; 
Error Rate;22;27;32;37;22;27;32;37
0;19.580613885735907;12.140468083888873;9.687857997914763;6.388541252814196;254.66853480892928;226.3235243626792;150.4035449033969;111.91376969937757;
1E_03;3.985571469875231;3.517397726054216;3.5542287720224652;3.336035226465064;36.350000850372396;32.60194534090162;33.6964004987479;22.772280682375982;
1E_05;3.8613152792998644;3.5142278224968484;3.5726336173108013;3.5384068804843385;34.924035176597435;32.470528131450976;32.4980812709833;22.029239945268873;
1E_07;3.9251530691751757;3.556588012174291;3.6494914397447844;3.497767121402267;35.654694757206975;33.50685842884038;26.668112145802038;20.702803426946804;
;;